<?xml version="1.0" encoding="ISO-8859-1"?>
<JDBOR date="2019-08-01 04:57:48" version="1.2.11 / 4.1.6 [2018-04-12] (orientdb version)" copyright="Orphanet (c) 2019">
<Availability> 
 <Licence>
    <FullName lang="en">Creative Commons Attribution 4.0 International</FullName>
    <ShortIdentifier>CC-BY-4.0</ShortIdentifier>
    <LegalCode>https://creativecommons.org/licenses/by/4.0/legalcode</LegalCode>
 </Licence>
</Availability>
  <DisorderList count="1">
    <Disorder id="26442">
      <OrphaNumber>506210</OrphaNumber>
      <ExpertLink lang="en">http://www.orpha.net/consor/cgi-bin/OC_Exp.php?lng=en&amp;Expert=506210</ExpertLink>
      <Name lang="en">Rare disorder potentially indicated for liver transplant</Name>
      <ClassificationNodeList count="1">
        <ClassificationNode>
          <ClassificationNodeChildList count="39">
            <ClassificationNode>
              <Disorder id="16">
                <OrphaNumber>367</OrphaNumber>
                <ExpertLink lang="en">http://www.orpha.net/consor/cgi-bin/OC_Exp.php?lng=en&amp;Expert=367</ExpertLink>
                <Name lang="en">Glycogen storage disease due to glycogen branching enzyme deficiency</Name>
              </Disorder>
              <ClassificationNodeChildList count="0">
              </ClassificationNodeChildList>
            </ClassificationNode>
            <ClassificationNode>
              <Disorder id="11953">
                <OrphaNumber>90062</OrphaNumber>
                <ExpertLink lang="en">http://www.orpha.net/consor/cgi-bin/OC_Exp.php?lng=en&amp;Expert=90062</ExpertLink>
                <Name lang="en">Acute liver failure</Name>
              </Disorder>
              <ClassificationNodeChildList count="0">
              </ClassificationNodeChildList>
            </ClassificationNode>
            <ClassificationNode>
              <Disorder id="253">
                <OrphaNumber>52</OrphaNumber>
                <ExpertLink lang="en">http://www.orpha.net/consor/cgi-bin/OC_Exp.php?lng=en&amp;Expert=52</ExpertLink>
                <Name lang="en">Alagille syndrome</Name>
              </Disorder>
              <ClassificationNodeChildList count="3">
                <ClassificationNode>
                  <Disorder id="19894">
                    <OrphaNumber>261600</OrphaNumber>
                    <ExpertLink lang="en">http://www.orpha.net/consor/cgi-bin/OC_Exp.php?lng=en&amp;Expert=261600</ExpertLink>
                    <Name lang="en">Alagille syndrome due to 20p12 microdeletion</Name>
                  </Disorder>
                  <ClassificationNodeChildList count="0">
                  </ClassificationNodeChildList>
                </ClassificationNode>
                <ClassificationNode>
                  <Disorder id="19895">
                    <OrphaNumber>261619</OrphaNumber>
                    <ExpertLink lang="en">http://www.orpha.net/consor/cgi-bin/OC_Exp.php?lng=en&amp;Expert=261619</ExpertLink>
                    <Name lang="en">Alagille syndrome due to a JAG1 point mutation</Name>
                  </Disorder>
                  <ClassificationNodeChildList count="0">
                  </ClassificationNodeChildList>
                </ClassificationNode>
                <ClassificationNode>
                  <Disorder id="19896">
                    <OrphaNumber>261629</OrphaNumber>
                    <ExpertLink lang="en">http://www.orpha.net/consor/cgi-bin/OC_Exp.php?lng=en&amp;Expert=261629</ExpertLink>
                    <Name lang="en">Alagille syndrome due to a NOTCH2 point mutation</Name>
                  </Disorder>
                  <ClassificationNodeChildList count="0">
                  </ClassificationNodeChildList>
                </ClassificationNode>
              </ClassificationNodeChildList>
            </ClassificationNode>
            <ClassificationNode>
              <Disorder id="194">
                <OrphaNumber>60</OrphaNumber>
                <ExpertLink lang="en">http://www.orpha.net/consor/cgi-bin/OC_Exp.php?lng=en&amp;Expert=60</ExpertLink>
                <Name lang="en">Alpha-1-antitrypsin deficiency</Name>
              </Disorder>
              <ClassificationNodeChildList count="0">
              </ClassificationNodeChildList>
            </ClassificationNode>
            <ClassificationNode>
              <Disorder id="873">
                <OrphaNumber>2137</OrphaNumber>
                <ExpertLink lang="en">http://www.orpha.net/consor/cgi-bin/OC_Exp.php?lng=en&amp;Expert=2137</ExpertLink>
                <Name lang="en">Autoimmune hepatitis</Name>
              </Disorder>
              <ClassificationNodeChildList count="0">
              </ClassificationNodeChildList>
            </ClassificationNode>
            <ClassificationNode>
              <Disorder id="8781">
                <OrphaNumber>30391</OrphaNumber>
                <ExpertLink lang="en">http://www.orpha.net/consor/cgi-bin/OC_Exp.php?lng=en&amp;Expert=30391</ExpertLink>
                <Name lang="en">Isolated biliary atresia</Name>
              </Disorder>
              <ClassificationNodeChildList count="0">
              </ClassificationNodeChildList>
            </ClassificationNode>
            <ClassificationNode>
              <Disorder id="19476">
                <OrphaNumber>244283</OrphaNumber>
                <ExpertLink lang="en">http://www.orpha.net/consor/cgi-bin/OC_Exp.php?lng=en&amp;Expert=244283</ExpertLink>
                <Name lang="en">Biliary atresia with splenic malformation syndrome</Name>
              </Disorder>
              <ClassificationNodeChildList count="0">
              </ClassificationNodeChildList>
            </ClassificationNode>
            <ClassificationNode>
              <Disorder id="854">
                <OrphaNumber>131</OrphaNumber>
                <ExpertLink lang="en">http://www.orpha.net/consor/cgi-bin/OC_Exp.php?lng=en&amp;Expert=131</ExpertLink>
                <Name lang="en">Budd-Chiari syndrome</Name>
              </Disorder>
              <ClassificationNodeChildList count="0">
              </ClassificationNodeChildList>
            </ClassificationNode>
            <ClassificationNode>
              <Disorder id="10715">
                <OrphaNumber>53035</OrphaNumber>
                <ExpertLink lang="en">http://www.orpha.net/consor/cgi-bin/OC_Exp.php?lng=en&amp;Expert=53035</ExpertLink>
                <Name lang="en">Caroli disease</Name>
              </Disorder>
              <ClassificationNodeChildList count="0">
              </ClassificationNodeChildList>
            </ClassificationNode>
            <ClassificationNode>
              <Disorder id="25211">
                <OrphaNumber>480520</OrphaNumber>
                <ExpertLink lang="en">http://www.orpha.net/consor/cgi-bin/OC_Exp.php?lng=en&amp;Expert=480520</ExpertLink>
                <Name lang="en">Caroli syndrome</Name>
              </Disorder>
              <ClassificationNodeChildList count="0">
              </ClassificationNodeChildList>
            </ClassificationNode>
            <ClassificationNode>
              <Disorder id="25208">
                <OrphaNumber>480501</OrphaNumber>
                <ExpertLink lang="en">http://www.orpha.net/consor/cgi-bin/OC_Exp.php?lng=en&amp;Expert=480501</ExpertLink>
                <Name lang="en">Choledochal cyst</Name>
              </Disorder>
              <ClassificationNodeChildList count="0">
              </ClassificationNodeChildList>
            </ClassificationNode>
            <ClassificationNode>
              <Disorder id="12631">
                <OrphaNumber>95507</OrphaNumber>
                <ExpertLink lang="en">http://www.orpha.net/consor/cgi-bin/OC_Exp.php?lng=en&amp;Expert=95507</ExpertLink>
                <Name lang="en">Congenital anomaly of hepatic vein</Name>
              </Disorder>
              <ClassificationNodeChildList count="0">
              </ClassificationNodeChildList>
            </ClassificationNode>
            <ClassificationNode>
              <Disorder id="25214">
                <OrphaNumber>480531</OrphaNumber>
                <ExpertLink lang="en">http://www.orpha.net/consor/cgi-bin/OC_Exp.php?lng=en&amp;Expert=480531</ExpertLink>
                <Name lang="en">Congenital portosystemic shunt</Name>
              </Disorder>
              <ClassificationNodeChildList count="0">
              </ClassificationNodeChildList>
            </ClassificationNode>
            <ClassificationNode>
              <Disorder id="242">
                <OrphaNumber>205</OrphaNumber>
                <ExpertLink lang="en">http://www.orpha.net/consor/cgi-bin/OC_Exp.php?lng=en&amp;Expert=205</ExpertLink>
                <Name lang="en">Crigler-Najjar syndrome</Name>
              </Disorder>
              <ClassificationNodeChildList count="0">
              </ClassificationNodeChildList>
            </ClassificationNode>
            <ClassificationNode>
              <Disorder id="49">
                <OrphaNumber>586</OrphaNumber>
                <ExpertLink lang="en">http://www.orpha.net/consor/cgi-bin/OC_Exp.php?lng=en&amp;Expert=586</ExpertLink>
                <Name lang="en">Cystic fibrosis</Name>
              </Disorder>
              <ClassificationNodeChildList count="0">
              </ClassificationNodeChildList>
            </ClassificationNode>
            <ClassificationNode>
              <Disorder id="20602">
                <OrphaNumber>284385</OrphaNumber>
                <ExpertLink lang="en">http://www.orpha.net/consor/cgi-bin/OC_Exp.php?lng=en&amp;Expert=284385</ExpertLink>
                <Name lang="en">Familial intrahepatic cholestasis</Name>
              </Disorder>
              <ClassificationNodeChildList count="3">
                <ClassificationNode>
                  <Disorder id="10872">
                    <OrphaNumber>65682</OrphaNumber>
                    <ExpertLink lang="en">http://www.orpha.net/consor/cgi-bin/OC_Exp.php?lng=en&amp;Expert=65682</ExpertLink>
                    <Name lang="en">Benign recurrent intrahepatic cholestasis</Name>
                  </Disorder>
                  <ClassificationNodeChildList count="2">
                    <ClassificationNode>
                      <Disorder id="14534">
                        <OrphaNumber>99961</OrphaNumber>
                        <ExpertLink lang="en">http://www.orpha.net/consor/cgi-bin/OC_Exp.php?lng=en&amp;Expert=99961</ExpertLink>
                        <Name lang="en">Benign recurrent intrahepatic cholestasis type 2</Name>
                      </Disorder>
                      <ClassificationNodeChildList count="0">
                      </ClassificationNodeChildList>
                    </ClassificationNode>
                    <ClassificationNode>
                      <Disorder id="14533">
                        <OrphaNumber>99960</OrphaNumber>
                        <ExpertLink lang="en">http://www.orpha.net/consor/cgi-bin/OC_Exp.php?lng=en&amp;Expert=99960</ExpertLink>
                        <Name lang="en">Benign recurrent intrahepatic cholestasis type 1</Name>
                      </Disorder>
                      <ClassificationNodeChildList count="0">
                      </ClassificationNodeChildList>
                    </ClassificationNode>
                  </ClassificationNodeChildList>
                </ClassificationNode>
                <ClassificationNode>
                  <Disorder id="1073">
                    <OrphaNumber>172</OrphaNumber>
                    <ExpertLink lang="en">http://www.orpha.net/consor/cgi-bin/OC_Exp.php?lng=en&amp;Expert=172</ExpertLink>
                    <Name lang="en">Progressive familial intrahepatic cholestasis</Name>
                  </Disorder>
                  <ClassificationNodeChildList count="7">
                    <ClassificationNode>
                      <Disorder id="25206">
                        <OrphaNumber>480483</OrphaNumber>
                        <ExpertLink lang="en">http://www.orpha.net/consor/cgi-bin/OC_Exp.php?lng=en&amp;Expert=480483</ExpertLink>
                        <Name lang="en">Progressive familial intrahepatic cholestasis type 4</Name>
                      </Disorder>
                      <ClassificationNodeChildList count="0">
                      </ClassificationNodeChildList>
                    </ClassificationNode>
                    <ClassificationNode>
                      <Disorder id="25207">
                        <OrphaNumber>480491</OrphaNumber>
                        <ExpertLink lang="en">http://www.orpha.net/consor/cgi-bin/OC_Exp.php?lng=en&amp;Expert=480491</ExpertLink>
                        <Name lang="en">MYO5B-related progressive familial intrahepatic cholestasis</Name>
                      </Disorder>
                      <ClassificationNodeChildList count="0">
                      </ClassificationNodeChildList>
                    </ClassificationNode>
                    <ClassificationNode>
                      <Disorder id="11330">
                        <OrphaNumber>79304</OrphaNumber>
                        <ExpertLink lang="en">http://www.orpha.net/consor/cgi-bin/OC_Exp.php?lng=en&amp;Expert=79304</ExpertLink>
                        <Name lang="en">Progressive familial intrahepatic cholestasis type 2</Name>
                      </Disorder>
                      <ClassificationNodeChildList count="0">
                      </ClassificationNodeChildList>
                    </ClassificationNode>
                    <ClassificationNode>
                      <Disorder id="11331">
                        <OrphaNumber>79305</OrphaNumber>
                        <ExpertLink lang="en">http://www.orpha.net/consor/cgi-bin/OC_Exp.php?lng=en&amp;Expert=79305</ExpertLink>
                        <Name lang="en">Progressive familial intrahepatic cholestasis type 3</Name>
                      </Disorder>
                      <ClassificationNodeChildList count="0">
                      </ClassificationNodeChildList>
                    </ClassificationNode>
                    <ClassificationNode>
                      <Disorder id="11332">
                        <OrphaNumber>79306</OrphaNumber>
                        <ExpertLink lang="en">http://www.orpha.net/consor/cgi-bin/OC_Exp.php?lng=en&amp;Expert=79306</ExpertLink>
                        <Name lang="en">Progressive familial intrahepatic cholestasis type 1</Name>
                      </Disorder>
                      <ClassificationNodeChildList count="0">
                      </ClassificationNodeChildList>
                    </ClassificationNode>
                    <ClassificationNode>
                      <Disorder id="17777">
                        <OrphaNumber>168583</OrphaNumber>
                        <ExpertLink lang="en">http://www.orpha.net/consor/cgi-bin/OC_Exp.php?lng=en&amp;Expert=168583</ExpertLink>
                        <Name lang="en">Hereditary North American Indian childhood cirrhosis</Name>
                      </Disorder>
                      <ClassificationNodeChildList count="0">
                      </ClassificationNodeChildList>
                    </ClassificationNode>
                    <ClassificationNode>
                      <Disorder id="25205">
                        <OrphaNumber>480476</OrphaNumber>
                        <ExpertLink lang="en">http://www.orpha.net/consor/cgi-bin/OC_Exp.php?lng=en&amp;Expert=480476</ExpertLink>
                        <Name lang="en">Progressive familial intrahepatic cholestasis type 5</Name>
                      </Disorder>
                      <ClassificationNodeChildList count="0">
                      </ClassificationNodeChildList>
                    </ClassificationNode>
                  </ClassificationNodeChildList>
                </ClassificationNode>
                <ClassificationNode>
                  <Disorder id="17508">
                    <OrphaNumber>163631</OrphaNumber>
                    <ExpertLink lang="en">http://www.orpha.net/consor/cgi-bin/OC_Exp.php?lng=en&amp;Expert=163631</ExpertLink>
                    <Name lang="en">Bile acid synthesis defect with cholestasis and malabsorption</Name>
                  </Disorder>
                  <ClassificationNodeChildList count="4">
                    <ClassificationNode>
                      <Disorder id="605">
                        <OrphaNumber>909</OrphaNumber>
                        <ExpertLink lang="en">http://www.orpha.net/consor/cgi-bin/OC_Exp.php?lng=en&amp;Expert=909</ExpertLink>
                        <Name lang="en">Cerebrotendinous xanthomatosis</Name>
                      </Disorder>
                      <ClassificationNodeChildList count="0">
                      </ClassificationNodeChildList>
                    </ClassificationNode>
                    <ClassificationNode>
                      <Disorder id="20346">
                        <OrphaNumber>276066</OrphaNumber>
                        <ExpertLink lang="en">http://www.orpha.net/consor/cgi-bin/OC_Exp.php?lng=en&amp;Expert=276066</ExpertLink>
                        <Name lang="en">Bile acid CoA ligase deficiency and defective amidation</Name>
                      </Disorder>
                      <ClassificationNodeChildList count="0">
                      </ClassificationNodeChildList>
                    </ClassificationNode>
                    <ClassificationNode>
                      <Disorder id="19267">
                        <OrphaNumber>238475</OrphaNumber>
                        <ExpertLink lang="en">http://www.orpha.net/consor/cgi-bin/OC_Exp.php?lng=en&amp;Expert=238475</ExpertLink>
                        <Name lang="en">Familial hypercholanemia</Name>
                      </Disorder>
                      <ClassificationNodeChildList count="0">
                      </ClassificationNodeChildList>
                    </ClassificationNode>
                    <ClassificationNode>
                      <Disorder id="25322">
                        <OrphaNumber>485631</OrphaNumber>
                        <ExpertLink lang="en">http://www.orpha.net/consor/cgi-bin/OC_Exp.php?lng=en&amp;Expert=485631</ExpertLink>
                        <Name lang="en">Congenital bile acid synthesis defect</Name>
                      </Disorder>
                      <ClassificationNodeChildList count="4">
                        <ClassificationNode>
                          <Disorder id="11137">
                            <OrphaNumber>79095</OrphaNumber>
                            <ExpertLink lang="en">http://www.orpha.net/consor/cgi-bin/OC_Exp.php?lng=en&amp;Expert=79095</ExpertLink>
                            <Name lang="en">Congenital bile acid synthesis defect type 4</Name>
                          </Disorder>
                          <ClassificationNodeChildList count="0">
                          </ClassificationNodeChildList>
                        </ClassificationNode>
                        <ClassificationNode>
                          <Disorder id="11327">
                            <OrphaNumber>79301</OrphaNumber>
                            <ExpertLink lang="en">http://www.orpha.net/consor/cgi-bin/OC_Exp.php?lng=en&amp;Expert=79301</ExpertLink>
                            <Name lang="en">Congenital bile acid synthesis defect type 1</Name>
                          </Disorder>
                          <ClassificationNodeChildList count="0">
                          </ClassificationNodeChildList>
                        </ClassificationNode>
                        <ClassificationNode>
                          <Disorder id="11328">
                            <OrphaNumber>79302</OrphaNumber>
                            <ExpertLink lang="en">http://www.orpha.net/consor/cgi-bin/OC_Exp.php?lng=en&amp;Expert=79302</ExpertLink>
                            <Name lang="en">Congenital bile acid synthesis defect type 3</Name>
                          </Disorder>
                          <ClassificationNodeChildList count="0">
                          </ClassificationNodeChildList>
                        </ClassificationNode>
                        <ClassificationNode>
                          <Disorder id="11329">
                            <OrphaNumber>79303</OrphaNumber>
                            <ExpertLink lang="en">http://www.orpha.net/consor/cgi-bin/OC_Exp.php?lng=en&amp;Expert=79303</ExpertLink>
                            <Name lang="en">Congenital bile acid synthesis defect type 2</Name>
                          </Disorder>
                          <ClassificationNodeChildList count="0">
                          </ClassificationNodeChildList>
                        </ClassificationNode>
                      </ClassificationNodeChildList>
                    </ClassificationNode>
                  </ClassificationNodeChildList>
                </ClassificationNode>
              </ClassificationNodeChildList>
            </ClassificationNode>
            <ClassificationNode>
              <Disorder id="10361">
                <OrphaNumber>35063</OrphaNumber>
                <ExpertLink lang="en">http://www.orpha.net/consor/cgi-bin/OC_Exp.php?lng=en&amp;Expert=35063</ExpertLink>
                <Name lang="en">Fulminant viral hepatitis</Name>
              </Disorder>
              <ClassificationNodeChildList count="0">
              </ClassificationNodeChildList>
            </ClassificationNode>
            <ClassificationNode>
              <Disorder id="645">
                <OrphaNumber>364</OrphaNumber>
                <ExpertLink lang="en">http://www.orpha.net/consor/cgi-bin/OC_Exp.php?lng=en&amp;Expert=364</ExpertLink>
                <Name lang="en">Glycogen storage disease due to glucose-6-phosphatase deficiency</Name>
              </Disorder>
              <ClassificationNodeChildList count="0">
              </ClassificationNodeChildList>
            </ClassificationNode>
            <ClassificationNode>
              <Disorder id="5533">
                <OrphaNumber>890</OrphaNumber>
                <ExpertLink lang="en">http://www.orpha.net/consor/cgi-bin/OC_Exp.php?lng=en&amp;Expert=890</ExpertLink>
                <Name lang="en">Hepatic veno-occlusive disease</Name>
              </Disorder>
              <ClassificationNodeChildList count="0">
              </ClassificationNodeChildList>
            </ClassificationNode>
            <ClassificationNode>
              <Disorder id="517">
                <OrphaNumber>469</OrphaNumber>
                <ExpertLink lang="en">http://www.orpha.net/consor/cgi-bin/OC_Exp.php?lng=en&amp;Expert=469</ExpertLink>
                <Name lang="en">Hereditary fructose intolerance</Name>
              </Disorder>
              <ClassificationNodeChildList count="0">
              </ClassificationNodeChildList>
            </ClassificationNode>
            <ClassificationNode>
              <Disorder id="25210">
                <OrphaNumber>480512</OrphaNumber>
                <ExpertLink lang="en">http://www.orpha.net/consor/cgi-bin/OC_Exp.php?lng=en&amp;Expert=480512</ExpertLink>
                <Name lang="en">Idiopathic ductopenia</Name>
              </Disorder>
              <ClassificationNodeChildList count="0">
              </ClassificationNodeChildList>
            </ClassificationNode>
            <ClassificationNode>
              <Disorder id="25312">
                <OrphaNumber>485426</OrphaNumber>
                <ExpertLink lang="en">http://www.orpha.net/consor/cgi-bin/OC_Exp.php?lng=en&amp;Expert=485426</ExpertLink>
                <Name lang="en">Isolated congenital hepatic fibrosis</Name>
              </Disorder>
              <ClassificationNodeChildList count="0">
              </ClassificationNodeChildList>
            </ClassificationNode>
            <ClassificationNode>
              <Disorder id="2641">
                <OrphaNumber>2924</OrphaNumber>
                <ExpertLink lang="en">http://www.orpha.net/consor/cgi-bin/OC_Exp.php?lng=en&amp;Expert=2924</ExpertLink>
                <Name lang="en">Isolated polycystic liver disease</Name>
              </Disorder>
              <ClassificationNodeChildList count="0">
              </ClassificationNodeChildList>
            </ClassificationNode>
            <ClassificationNode>
              <Disorder id="504">
                <OrphaNumber>446</OrphaNumber>
                <ExpertLink lang="en">http://www.orpha.net/consor/cgi-bin/OC_Exp.php?lng=en&amp;Expert=446</ExpertLink>
                <Name lang="en">Neonatal hemochromatosis</Name>
              </Disorder>
              <ClassificationNodeChildList count="0">
              </ClassificationNodeChildList>
            </ClassificationNode>
            <ClassificationNode>
              <Disorder id="10615">
                <OrphaNumber>48372</OrphaNumber>
                <ExpertLink lang="en">http://www.orpha.net/consor/cgi-bin/OC_Exp.php?lng=en&amp;Expert=48372</ExpertLink>
                <Name lang="en">Nodular regenerative hyperplasia of the liver</Name>
              </Disorder>
              <ClassificationNodeChildList count="0">
              </ClassificationNodeChildList>
            </ClassificationNode>
            <ClassificationNode>
              <Disorder id="18915">
                <OrphaNumber>220489</OrphaNumber>
                <ExpertLink lang="en">http://www.orpha.net/consor/cgi-bin/OC_Exp.php?lng=en&amp;Expert=220489</ExpertLink>
                <Name lang="en">Rare hereditary hemochromatosis</Name>
              </Disorder>
              <ClassificationNodeChildList count="5">
                <ClassificationNode>
                  <Disorder id="11256">
                    <OrphaNumber>79230</OrphaNumber>
                    <ExpertLink lang="en">http://www.orpha.net/consor/cgi-bin/OC_Exp.php?lng=en&amp;Expert=79230</ExpertLink>
                    <Name lang="en">Hemochromatosis type 2</Name>
                  </Disorder>
                  <ClassificationNodeChildList count="0">
                  </ClassificationNodeChildList>
                </ClassificationNode>
                <ClassificationNode>
                  <Disorder id="23545">
                    <OrphaNumber>447792</OrphaNumber>
                    <ExpertLink lang="en">http://www.orpha.net/consor/cgi-bin/OC_Exp.php?lng=en&amp;Expert=447792</ExpertLink>
                    <Name lang="en">Hemochromatosis type 5</Name>
                  </Disorder>
                  <ClassificationNodeChildList count="0">
                  </ClassificationNodeChildList>
                </ClassificationNode>
                <ClassificationNode>
                  <Disorder id="16909">
                    <OrphaNumber>139491</OrphaNumber>
                    <ExpertLink lang="en">http://www.orpha.net/consor/cgi-bin/OC_Exp.php?lng=en&amp;Expert=139491</ExpertLink>
                    <Name lang="en">Hemochromatosis type 4</Name>
                  </Disorder>
                  <ClassificationNodeChildList count="0">
                  </ClassificationNodeChildList>
                </ClassificationNode>
                <ClassificationNode>
                  <Disorder id="24056">
                    <OrphaNumber>465508</OrphaNumber>
                    <ExpertLink lang="en">http://www.orpha.net/consor/cgi-bin/OC_Exp.php?lng=en&amp;Expert=465508</ExpertLink>
                    <Name lang="en">Symptomatic form of hemochromatosis type 1</Name>
                  </Disorder>
                  <ClassificationNodeChildList count="0">
                  </ClassificationNodeChildList>
                </ClassificationNode>
                <ClassificationNode>
                  <Disorder id="18976">
                    <OrphaNumber>225123</OrphaNumber>
                    <ExpertLink lang="en">http://www.orpha.net/consor/cgi-bin/OC_Exp.php?lng=en&amp;Expert=225123</ExpertLink>
                    <Name lang="en">Hemochromatosis type 3</Name>
                  </Disorder>
                  <ClassificationNodeChildList count="0">
                  </ClassificationNodeChildList>
                </ClassificationNode>
              </ClassificationNodeChildList>
            </ClassificationNode>
            <ClassificationNode>
              <Disorder id="23540">
                <OrphaNumber>447771</OrphaNumber>
                <ExpertLink lang="en">http://www.orpha.net/consor/cgi-bin/OC_Exp.php?lng=en&amp;Expert=447771</ExpertLink>
                <Name lang="en">Sclerosing cholangitis</Name>
              </Disorder>
              <ClassificationNodeChildList count="5">
                <ClassificationNode>
                  <Disorder id="783">
                    <OrphaNumber>171</OrphaNumber>
                    <ExpertLink lang="en">http://www.orpha.net/consor/cgi-bin/OC_Exp.php?lng=en&amp;Expert=171</ExpertLink>
                    <Name lang="en">Primary sclerosing cholangitis</Name>
                  </Disorder>
                  <ClassificationNodeChildList count="0">
                  </ClassificationNodeChildList>
                </ClassificationNode>
                <ClassificationNode>
                  <Disorder id="10788">
                    <OrphaNumber>59303</OrphaNumber>
                    <ExpertLink lang="en">http://www.orpha.net/consor/cgi-bin/OC_Exp.php?lng=en&amp;Expert=59303</ExpertLink>
                    <Name lang="en">Neonatal ichthyosis-sclerosing cholangitis syndrome</Name>
                  </Disorder>
                  <ClassificationNodeChildList count="0">
                  </ClassificationNodeChildList>
                </ClassificationNode>
                <ClassificationNode>
                  <Disorder id="25219">
                    <OrphaNumber>480556</OrphaNumber>
                    <ExpertLink lang="en">http://www.orpha.net/consor/cgi-bin/OC_Exp.php?lng=en&amp;Expert=480556</ExpertLink>
                    <Name lang="en">Isolated neonatal sclerosing cholangitis</Name>
                  </Disorder>
                  <ClassificationNodeChildList count="0">
                  </ClassificationNodeChildList>
                </ClassificationNode>
                <ClassificationNode>
                  <Disorder id="23541">
                    <OrphaNumber>447774</OrphaNumber>
                    <ExpertLink lang="en">http://www.orpha.net/consor/cgi-bin/OC_Exp.php?lng=en&amp;Expert=447774</ExpertLink>
                    <Name lang="en">Secondary sclerosing cholangitis</Name>
                  </Disorder>
                  <ClassificationNodeChildList count="0">
                  </ClassificationNodeChildList>
                </ClassificationNode>
                <ClassificationNode>
                  <Disorder id="23539">
                    <OrphaNumber>447764</OrphaNumber>
                    <ExpertLink lang="en">http://www.orpha.net/consor/cgi-bin/OC_Exp.php?lng=en&amp;Expert=447764</ExpertLink>
                    <Name lang="en">IgG4-related sclerosing cholangitis</Name>
                  </Disorder>
                  <ClassificationNodeChildList count="0">
                  </ClassificationNodeChildList>
                </ClassificationNode>
              </ClassificationNodeChildList>
            </ClassificationNode>
            <ClassificationNode>
              <Disorder id="3494">
                <OrphaNumber>882</OrphaNumber>
                <ExpertLink lang="en">http://www.orpha.net/consor/cgi-bin/OC_Exp.php?lng=en&amp;Expert=882</ExpertLink>
                <Name lang="en">Tyrosinemia type 1</Name>
              </Disorder>
              <ClassificationNodeChildList count="0">
              </ClassificationNodeChildList>
            </ClassificationNode>
            <ClassificationNode>
              <Disorder id="134">
                <OrphaNumber>905</OrphaNumber>
                <ExpertLink lang="en">http://www.orpha.net/consor/cgi-bin/OC_Exp.php?lng=en&amp;Expert=905</ExpertLink>
                <Name lang="en">Wilson disease</Name>
              </Disorder>
              <ClassificationNodeChildList count="0">
              </ClassificationNodeChildList>
            </ClassificationNode>
            <ClassificationNode>
              <Disorder id="11265">
                <OrphaNumber>79239</OrphaNumber>
                <ExpertLink lang="en">http://www.orpha.net/consor/cgi-bin/OC_Exp.php?lng=en&amp;Expert=79239</ExpertLink>
                <Name lang="en">Classic galactosemia</Name>
              </Disorder>
              <ClassificationNodeChildList count="0">
              </ClassificationNodeChildList>
            </ClassificationNode>
            <ClassificationNode>
              <Disorder id="1961">
                <OrphaNumber>2031</OrphaNumber>
                <ExpertLink lang="en">http://www.orpha.net/consor/cgi-bin/OC_Exp.php?lng=en&amp;Expert=2031</ExpertLink>
                <Name lang="en">Hepatic fibrosis-renal cysts-intellectual disability syndrome</Name>
              </Disorder>
              <ClassificationNodeChildList count="0">
              </ClassificationNodeChildList>
            </ClassificationNode>
            <ClassificationNode>
              <Disorder id="3768">
                <OrphaNumber>389</OrphaNumber>
                <ExpertLink lang="en">http://www.orpha.net/consor/cgi-bin/OC_Exp.php?lng=en&amp;Expert=389</ExpertLink>
                <Name lang="en">Langerhans cell histiocytosis</Name>
              </Disorder>
              <ClassificationNodeChildList count="5">
                <ClassificationNode>
                  <Disorder id="14443">
                    <OrphaNumber>99870</OrphaNumber>
                    <ExpertLink lang="en">http://www.orpha.net/consor/cgi-bin/OC_Exp.php?lng=en&amp;Expert=99870</ExpertLink>
                    <Name lang="en">Letterer-Siwe disease</Name>
                  </Disorder>
                  <ClassificationNodeChildList count="0">
                  </ClassificationNodeChildList>
                </ClassificationNode>
                <ClassificationNode>
                  <Disorder id="14446">
                    <OrphaNumber>99873</OrphaNumber>
                    <ExpertLink lang="en">http://www.orpha.net/consor/cgi-bin/OC_Exp.php?lng=en&amp;Expert=99873</ExpertLink>
                    <Name lang="en">Hand-Sch�ller-Christian disease</Name>
                  </Disorder>
                  <ClassificationNodeChildList count="0">
                  </ClassificationNodeChildList>
                </ClassificationNode>
                <ClassificationNode>
                  <Disorder id="14444">
                    <OrphaNumber>99871</OrphaNumber>
                    <ExpertLink lang="en">http://www.orpha.net/consor/cgi-bin/OC_Exp.php?lng=en&amp;Expert=99871</ExpertLink>
                    <Name lang="en">Eosinophilic granuloma</Name>
                  </Disorder>
                  <ClassificationNodeChildList count="0">
                  </ClassificationNodeChildList>
                </ClassificationNode>
                <ClassificationNode>
                  <Disorder id="14445">
                    <OrphaNumber>99872</OrphaNumber>
                    <ExpertLink lang="en">http://www.orpha.net/consor/cgi-bin/OC_Exp.php?lng=en&amp;Expert=99872</ExpertLink>
                    <Name lang="en">Hashimoto-Pritzker syndrome</Name>
                  </Disorder>
                  <ClassificationNodeChildList count="0">
                  </ClassificationNodeChildList>
                </ClassificationNode>
                <ClassificationNode>
                  <Disorder id="14447">
                    <OrphaNumber>99874</OrphaNumber>
                    <ExpertLink lang="en">http://www.orpha.net/consor/cgi-bin/OC_Exp.php?lng=en&amp;Expert=99874</ExpertLink>
                    <Name lang="en">Adult pulmonary Langerhans cell histiocytosis</Name>
                  </Disorder>
                  <ClassificationNodeChildList count="0">
                  </ClassificationNodeChildList>
                </ClassificationNode>
              </ClassificationNodeChildList>
            </ClassificationNode>
            <ClassificationNode>
              <Disorder id="17186">
                <OrphaNumber>158061</OrphaNumber>
                <ExpertLink lang="en">http://www.orpha.net/consor/cgi-bin/OC_Exp.php?lng=en&amp;Expert=158061</ExpertLink>
                <Name lang="en">Macrophage activation syndrome</Name>
              </Disorder>
              <ClassificationNodeChildList count="0">
              </ClassificationNodeChildList>
            </ClassificationNode>
            <ClassificationNode>
              <Disorder id="874">
                <OrphaNumber>186</OrphaNumber>
                <ExpertLink lang="en">http://www.orpha.net/consor/cgi-bin/OC_Exp.php?lng=en&amp;Expert=186</ExpertLink>
                <Name lang="en">Primary biliary cholangitis</Name>
              </Disorder>
              <ClassificationNodeChildList count="0">
              </ClassificationNodeChildList>
            </ClassificationNode>
            <ClassificationNode>
              <Disorder id="632">
                <OrphaNumber>69</OrphaNumber>
                <ExpertLink lang="en">http://www.orpha.net/consor/cgi-bin/OC_Exp.php?lng=en&amp;Expert=69</ExpertLink>
                <Name lang="en">Amyloidosis</Name>
              </Disorder>
              <ClassificationNodeChildList count="12">
                <ClassificationNode>
                  <Disorder id="11718">
                    <OrphaNumber>85445</OrphaNumber>
                    <ExpertLink lang="en">http://www.orpha.net/consor/cgi-bin/OC_Exp.php?lng=en&amp;Expert=85445</ExpertLink>
                    <Name lang="en">AA amyloidosis</Name>
                  </Disorder>
                  <ClassificationNodeChildList count="0">
                  </ClassificationNodeChildList>
                </ClassificationNode>
                <ClassificationNode>
                  <Disorder id="11721">
                    <OrphaNumber>85448</OrphaNumber>
                    <ExpertLink lang="en">http://www.orpha.net/consor/cgi-bin/OC_Exp.php?lng=en&amp;Expert=85448</ExpertLink>
                    <Name lang="en">AGel amyloidosis</Name>
                  </Disorder>
                  <ClassificationNodeChildList count="0">
                  </ClassificationNodeChildList>
                </ClassificationNode>
                <ClassificationNode>
                  <Disorder id="21955">
                    <OrphaNumber>330001</OrphaNumber>
                    <ExpertLink lang="en">http://www.orpha.net/consor/cgi-bin/OC_Exp.php?lng=en&amp;Expert=330001</ExpertLink>
                    <Name lang="en">Wild type ATTR amyloidosis</Name>
                  </Disorder>
                  <ClassificationNodeChildList count="0">
                  </ClassificationNodeChildList>
                </ClassificationNode>
                <ClassificationNode>
                  <Disorder id="23382">
                    <OrphaNumber>439224</OrphaNumber>
                    <ExpertLink lang="en">http://www.orpha.net/consor/cgi-bin/OC_Exp.php?lng=en&amp;Expert=439224</ExpertLink>
                    <Name lang="en">ALECT2 amyloidosis</Name>
                  </Disorder>
                  <ClassificationNodeChildList count="0">
                  </ClassificationNodeChildList>
                </ClassificationNode>
                <ClassificationNode>
                  <Disorder id="23383">
                    <OrphaNumber>439232</OrphaNumber>
                    <ExpertLink lang="en">http://www.orpha.net/consor/cgi-bin/OC_Exp.php?lng=en&amp;Expert=439232</ExpertLink>
                    <Name lang="en">AApoAIV amyloidosis</Name>
                  </Disorder>
                  <ClassificationNodeChildList count="0">
                  </ClassificationNodeChildList>
                </ClassificationNode>
                <ClassificationNode>
                  <Disorder id="23424">
                    <OrphaNumber>442582</OrphaNumber>
                    <ExpertLink lang="en">http://www.orpha.net/consor/cgi-bin/OC_Exp.php?lng=en&amp;Expert=442582</ExpertLink>
                    <Name lang="en">AH amyloidosis</Name>
                  </Disorder>
                  <ClassificationNodeChildList count="0">
                  </ClassificationNodeChildList>
                </ClassificationNode>
                <ClassificationNode>
                  <Disorder id="11725">
                    <OrphaNumber>85458</OrphaNumber>
                    <ExpertLink lang="en">http://www.orpha.net/consor/cgi-bin/OC_Exp.php?lng=en&amp;Expert=85458</ExpertLink>
                    <Name lang="en">Hereditary cerebral hemorrhage with amyloidosis</Name>
                  </Disorder>
                  <ClassificationNodeChildList count="7">
                    <ClassificationNode>
                      <Disorder id="21802">
                        <OrphaNumber>324723</OrphaNumber>
                        <ExpertLink lang="en">http://www.orpha.net/consor/cgi-bin/OC_Exp.php?lng=en&amp;Expert=324723</ExpertLink>
                        <Name lang="en">ABeta amyloidosis, Arctic type</Name>
                      </Disorder>
                      <ClassificationNodeChildList count="0">
                      </ClassificationNodeChildList>
                    </ClassificationNode>
                    <ClassificationNode>
                      <Disorder id="14579">
                        <OrphaNumber>100006</OrphaNumber>
                        <ExpertLink lang="en">http://www.orpha.net/consor/cgi-bin/OC_Exp.php?lng=en&amp;Expert=100006</ExpertLink>
                        <Name lang="en">ABeta amyloidosis, Dutch type</Name>
                      </Disorder>
                      <ClassificationNodeChildList count="0">
                      </ClassificationNodeChildList>
                    </ClassificationNode>
                    <ClassificationNode>
                      <Disorder id="14581">
                        <OrphaNumber>100008</OrphaNumber>
                        <ExpertLink lang="en">http://www.orpha.net/consor/cgi-bin/OC_Exp.php?lng=en&amp;Expert=100008</ExpertLink>
                        <Name lang="en">ACys amyloidosis</Name>
                      </Disorder>
                      <ClassificationNodeChildList count="0">
                      </ClassificationNodeChildList>
                    </ClassificationNode>
                    <ClassificationNode>
                      <Disorder id="21801">
                        <OrphaNumber>324718</OrphaNumber>
                        <ExpertLink lang="en">http://www.orpha.net/consor/cgi-bin/OC_Exp.php?lng=en&amp;Expert=324718</ExpertLink>
                        <Name lang="en">ABetaA21G amyloidosis</Name>
                      </Disorder>
                      <ClassificationNodeChildList count="0">
                      </ClassificationNodeChildList>
                    </ClassificationNode>
                    <ClassificationNode>
                      <Disorder id="21798">
                        <OrphaNumber>324703</OrphaNumber>
                        <ExpertLink lang="en">http://www.orpha.net/consor/cgi-bin/OC_Exp.php?lng=en&amp;Expert=324703</ExpertLink>
                        <Name lang="en">ABetaL34V amyloidosis</Name>
                      </Disorder>
                      <ClassificationNodeChildList count="0">
                      </ClassificationNodeChildList>
                    </ClassificationNode>
                    <ClassificationNode>
                      <Disorder id="21799">
                        <OrphaNumber>324708</OrphaNumber>
                        <ExpertLink lang="en">http://www.orpha.net/consor/cgi-bin/OC_Exp.php?lng=en&amp;Expert=324708</ExpertLink>
                        <Name lang="en">ABeta amyloidosis, Iowa type</Name>
                      </Disorder>
                      <ClassificationNodeChildList count="0">
                      </ClassificationNodeChildList>
                    </ClassificationNode>
                    <ClassificationNode>
                      <Disorder id="21800">
                        <OrphaNumber>324713</OrphaNumber>
                        <ExpertLink lang="en">http://www.orpha.net/consor/cgi-bin/OC_Exp.php?lng=en&amp;Expert=324713</ExpertLink>
                        <Name lang="en">ABeta amyloidosis, Italian type</Name>
                      </Disorder>
                      <ClassificationNodeChildList count="0">
                      </ClassificationNodeChildList>
                    </ClassificationNode>
                  </ClassificationNodeChildList>
                </ClassificationNode>
                <ClassificationNode>
                  <Disorder id="11717">
                    <OrphaNumber>85443</OrphaNumber>
                    <ExpertLink lang="en">http://www.orpha.net/consor/cgi-bin/OC_Exp.php?lng=en&amp;Expert=85443</ExpertLink>
                    <Name lang="en">AL amyloidosis</Name>
                  </Disorder>
                  <ClassificationNodeChildList count="2">
                    <ClassificationNode>
                      <Disorder id="21517">
                        <OrphaNumber>314701</OrphaNumber>
                        <ExpertLink lang="en">http://www.orpha.net/consor/cgi-bin/OC_Exp.php?lng=en&amp;Expert=314701</ExpertLink>
                        <Name lang="en">Primary systemic amyloidosis</Name>
                      </Disorder>
                      <ClassificationNodeChildList count="0">
                      </ClassificationNodeChildList>
                    </ClassificationNode>
                    <ClassificationNode>
                      <Disorder id="21518">
                        <OrphaNumber>314709</OrphaNumber>
                        <ExpertLink lang="en">http://www.orpha.net/consor/cgi-bin/OC_Exp.php?lng=en&amp;Expert=314709</ExpertLink>
                        <Name lang="en">Primary localized amyloidosis</Name>
                      </Disorder>
                      <ClassificationNodeChildList count="0">
                      </ClassificationNodeChildList>
                    </ClassificationNode>
                  </ClassificationNodeChildList>
                </ClassificationNode>
                <ClassificationNode>
                  <Disorder id="11722">
                    <OrphaNumber>85450</OrphaNumber>
                    <ExpertLink lang="en">http://www.orpha.net/consor/cgi-bin/OC_Exp.php?lng=en&amp;Expert=85450</ExpertLink>
                    <Name lang="en">Hereditary amyloidosis with primary renal involvement</Name>
                  </Disorder>
                  <ClassificationNodeChildList count="4">
                    <ClassificationNode>
                      <Disorder id="12402">
                        <OrphaNumber>93560</OrphaNumber>
                        <ExpertLink lang="en">http://www.orpha.net/consor/cgi-bin/OC_Exp.php?lng=en&amp;Expert=93560</ExpertLink>
                        <Name lang="en">AApoAI amyloidosis</Name>
                      </Disorder>
                      <ClassificationNodeChildList count="0">
                      </ClassificationNodeChildList>
                    </ClassificationNode>
                    <ClassificationNode>
                      <Disorder id="12403">
                        <OrphaNumber>93561</OrphaNumber>
                        <ExpertLink lang="en">http://www.orpha.net/consor/cgi-bin/OC_Exp.php?lng=en&amp;Expert=93561</ExpertLink>
                        <Name lang="en">ALys amyloidosis</Name>
                      </Disorder>
                      <ClassificationNodeChildList count="0">
                      </ClassificationNodeChildList>
                    </ClassificationNode>
                    <ClassificationNode>
                      <Disorder id="19260">
                        <OrphaNumber>238269</OrphaNumber>
                        <ExpertLink lang="en">http://www.orpha.net/consor/cgi-bin/OC_Exp.php?lng=en&amp;Expert=238269</ExpertLink>
                        <Name lang="en">AApoAII amyloidosis</Name>
                      </Disorder>
                      <ClassificationNodeChildList count="0">
                      </ClassificationNodeChildList>
                    </ClassificationNode>
                    <ClassificationNode>
                      <Disorder id="12404">
                        <OrphaNumber>93562</OrphaNumber>
                        <ExpertLink lang="en">http://www.orpha.net/consor/cgi-bin/OC_Exp.php?lng=en&amp;Expert=93562</ExpertLink>
                        <Name lang="en">AFib amyloidosis</Name>
                      </Disorder>
                      <ClassificationNodeChildList count="0">
                      </ClassificationNodeChildList>
                    </ClassificationNode>
                  </ClassificationNodeChildList>
                </ClassificationNode>
                <ClassificationNode>
                  <Disorder id="23384">
                    <OrphaNumber>439246</OrphaNumber>
                    <ExpertLink lang="en">http://www.orpha.net/consor/cgi-bin/OC_Exp.php?lng=en&amp;Expert=439246</ExpertLink>
                    <Name lang="en">ABeta2M amyloidosis</Name>
                  </Disorder>
                  <ClassificationNodeChildList count="2">
                    <ClassificationNode>
                      <Disorder id="11719">
                        <OrphaNumber>85446</OrphaNumber>
                        <ExpertLink lang="en">http://www.orpha.net/consor/cgi-bin/OC_Exp.php?lng=en&amp;Expert=85446</ExpertLink>
                        <Name lang="en">Wild type ABeta2M amyloidosis</Name>
                      </Disorder>
                      <ClassificationNodeChildList count="0">
                      </ClassificationNodeChildList>
                    </ClassificationNode>
                    <ClassificationNode>
                      <Disorder id="21509">
                        <OrphaNumber>314652</OrphaNumber>
                        <ExpertLink lang="en">http://www.orpha.net/consor/cgi-bin/OC_Exp.php?lng=en&amp;Expert=314652</ExpertLink>
                        <Name lang="en">Variant ABeta2M amyloidosis</Name>
                      </Disorder>
                      <ClassificationNodeChildList count="0">
                      </ClassificationNodeChildList>
                    </ClassificationNode>
                  </ClassificationNodeChildList>
                </ClassificationNode>
                <ClassificationNode>
                  <Disorder id="23385">
                    <OrphaNumber>439254</OrphaNumber>
                    <ExpertLink lang="en">http://www.orpha.net/consor/cgi-bin/OC_Exp.php?lng=en&amp;Expert=439254</ExpertLink>
                    <Name lang="en">ITM2B amyloidosis</Name>
                  </Disorder>
                  <ClassificationNodeChildList count="2">
                    <ClassificationNode>
                      <Disorder id="12900">
                        <OrphaNumber>97345</OrphaNumber>
                        <ExpertLink lang="en">http://www.orpha.net/consor/cgi-bin/OC_Exp.php?lng=en&amp;Expert=97345</ExpertLink>
                        <Name lang="en">ABri amyloidosis</Name>
                      </Disorder>
                      <ClassificationNodeChildList count="0">
                      </ClassificationNodeChildList>
                    </ClassificationNode>
                    <ClassificationNode>
                      <Disorder id="12901">
                        <OrphaNumber>97346</OrphaNumber>
                        <ExpertLink lang="en">http://www.orpha.net/consor/cgi-bin/OC_Exp.php?lng=en&amp;Expert=97346</ExpertLink>
                        <Name lang="en">ADan amyloidosis</Name>
                      </Disorder>
                      <ClassificationNodeChildList count="0">
                      </ClassificationNodeChildList>
                    </ClassificationNode>
                  </ClassificationNodeChildList>
                </ClassificationNode>
                <ClassificationNode>
                  <Disorder id="20307">
                    <OrphaNumber>271861</OrphaNumber>
                    <ExpertLink lang="en">http://www.orpha.net/consor/cgi-bin/OC_Exp.php?lng=en&amp;Expert=271861</ExpertLink>
                    <Name lang="en">Hereditary ATTR amyloidosis</Name>
                  </Disorder>
                  <ClassificationNodeChildList count="2">
                    <ClassificationNode>
                      <Disorder id="11720">
                        <OrphaNumber>85447</OrphaNumber>
                        <ExpertLink lang="en">http://www.orpha.net/consor/cgi-bin/OC_Exp.php?lng=en&amp;Expert=85447</ExpertLink>
                        <Name lang="en">ATTRV30M amyloidosis</Name>
                      </Disorder>
                      <ClassificationNodeChildList count="0">
                      </ClassificationNodeChildList>
                    </ClassificationNode>
                    <ClassificationNode>
                      <Disorder id="11723">
                        <OrphaNumber>85451</OrphaNumber>
                        <ExpertLink lang="en">http://www.orpha.net/consor/cgi-bin/OC_Exp.php?lng=en&amp;Expert=85451</ExpertLink>
                        <Name lang="en">ATTRV122I amyloidosis</Name>
                      </Disorder>
                      <ClassificationNodeChildList count="0">
                      </ClassificationNodeChildList>
                    </ClassificationNode>
                  </ClassificationNodeChildList>
                </ClassificationNode>
              </ClassificationNodeChildList>
            </ClassificationNode>
            <ClassificationNode>
              <Disorder id="21114">
                <OrphaNumber>300345</OrphaNumber>
                <ExpertLink lang="en">http://www.orpha.net/consor/cgi-bin/OC_Exp.php?lng=en&amp;Expert=300345</ExpertLink>
                <Name lang="en">Autosomal systemic lupus erythematosus</Name>
              </Disorder>
              <ClassificationNodeChildList count="0">
              </ClassificationNodeChildList>
            </ClassificationNode>
            <ClassificationNode>
              <Disorder id="260">
                <OrphaNumber>116</OrphaNumber>
                <ExpertLink lang="en">http://www.orpha.net/consor/cgi-bin/OC_Exp.php?lng=en&amp;Expert=116</ExpertLink>
                <Name lang="en">Beckwith-Wiedemann syndrome</Name>
              </Disorder>
              <ClassificationNodeChildList count="7">
                <ClassificationNode>
                  <Disorder id="19158">
                    <OrphaNumber>231127</OrphaNumber>
                    <ExpertLink lang="en">http://www.orpha.net/consor/cgi-bin/OC_Exp.php?lng=en&amp;Expert=231127</ExpertLink>
                    <Name lang="en">Beckwith-Wiedemann syndrome due to 11p15 microdeletion</Name>
                  </Disorder>
                  <ClassificationNodeChildList count="0">
                  </ClassificationNodeChildList>
                </ClassificationNode>
                <ClassificationNode>
                  <Disorder id="12700">
                    <OrphaNumber>96076</OrphaNumber>
                    <ExpertLink lang="en">http://www.orpha.net/consor/cgi-bin/OC_Exp.php?lng=en&amp;Expert=96076</ExpertLink>
                    <Name lang="en">Beckwith-Wiedemann syndrome due to 11p15 microduplication</Name>
                  </Disorder>
                  <ClassificationNodeChildList count="0">
                  </ClassificationNodeChildList>
                </ClassificationNode>
                <ClassificationNode>
                  <Disorder id="19156">
                    <OrphaNumber>231120</OrphaNumber>
                    <ExpertLink lang="en">http://www.orpha.net/consor/cgi-bin/OC_Exp.php?lng=en&amp;Expert=231120</ExpertLink>
                    <Name lang="en">Beckwith-Wiedemann syndrome due to CDKN1C mutation</Name>
                  </Disorder>
                  <ClassificationNodeChildList count="0">
                  </ClassificationNodeChildList>
                </ClassificationNode>
                <ClassificationNode>
                  <Disorder id="19159">
                    <OrphaNumber>231130</OrphaNumber>
                    <ExpertLink lang="en">http://www.orpha.net/consor/cgi-bin/OC_Exp.php?lng=en&amp;Expert=231130</ExpertLink>
                    <Name lang="en">Beckwith-Wiedemann syndrome due to 11p15 translocation/inversion</Name>
                  </Disorder>
                  <ClassificationNodeChildList count="0">
                  </ClassificationNodeChildList>
                </ClassificationNode>
                <ClassificationNode>
                  <Disorder id="19282">
                    <OrphaNumber>238613</OrphaNumber>
                    <ExpertLink lang="en">http://www.orpha.net/consor/cgi-bin/OC_Exp.php?lng=en&amp;Expert=238613</ExpertLink>
                    <Name lang="en">Beckwith-Wiedemann syndrome due to NSD1 mutation</Name>
                  </Disorder>
                  <ClassificationNodeChildList count="0">
                  </ClassificationNodeChildList>
                </ClassificationNode>
                <ClassificationNode>
                  <Disorder id="19155">
                    <OrphaNumber>231117</OrphaNumber>
                    <ExpertLink lang="en">http://www.orpha.net/consor/cgi-bin/OC_Exp.php?lng=en&amp;Expert=231117</ExpertLink>
                    <Name lang="en">Beckwith-Wiedemann syndrome due to imprinting defect of 11p15</Name>
                  </Disorder>
                  <ClassificationNodeChildList count="0">
                  </ClassificationNodeChildList>
                </ClassificationNode>
                <ClassificationNode>
                  <Disorder id="12817">
                    <OrphaNumber>96193</OrphaNumber>
                    <ExpertLink lang="en">http://www.orpha.net/consor/cgi-bin/OC_Exp.php?lng=en&amp;Expert=96193</ExpertLink>
                    <Name lang="en">Beckwith-Wiedemann syndrome due to paternal uniparental disomy of chromosome 11</Name>
                  </Disorder>
                  <ClassificationNodeChildList count="0">
                  </ClassificationNodeChildList>
                </ClassificationNode>
              </ClassificationNodeChildList>
            </ClassificationNode>
            <ClassificationNode>
              <Disorder id="21240">
                <OrphaNumber>306633</OrphaNumber>
                <ExpertLink lang="en">http://www.orpha.net/consor/cgi-bin/OC_Exp.php?lng=en&amp;Expert=306633</ExpertLink>
                <Name lang="en">Rare tumor of gallbladder and extrahepatic biliary tract</Name>
              </Disorder>
              <ClassificationNodeChildList count="2">
                <ClassificationNode>
                  <Disorder id="10765">
                    <OrphaNumber>56044</OrphaNumber>
                    <ExpertLink lang="en">http://www.orpha.net/consor/cgi-bin/OC_Exp.php?lng=en&amp;Expert=56044</ExpertLink>
                    <Name lang="en">Carcinoma of gallbladder and extrahepatic biliary tract</Name>
                  </Disorder>
                  <ClassificationNodeChildList count="5">
                    <ClassificationNode>
                      <Disorder id="10951">
                        <OrphaNumber>70567</OrphaNumber>
                        <ExpertLink lang="en">http://www.orpha.net/consor/cgi-bin/OC_Exp.php?lng=en&amp;Expert=70567</ExpertLink>
                        <Name lang="en">Cholangiocarcinoma</Name>
                      </Disorder>
                      <ClassificationNodeChildList count="0">
                      </ClassificationNodeChildList>
                    </ClassificationNode>
                    <ClassificationNode>
                      <Disorder id="23207">
                        <OrphaNumber>424996</OrphaNumber>
                        <ExpertLink lang="en">http://www.orpha.net/consor/cgi-bin/OC_Exp.php?lng=en&amp;Expert=424996</ExpertLink>
                        <Name lang="en">Squamous cell carcinoma of gallbladder and extrahepatic biliary tract</Name>
                      </Disorder>
                      <ClassificationNodeChildList count="0">
                      </ClassificationNodeChildList>
                    </ClassificationNode>
                    <ClassificationNode>
                      <Disorder id="14551">
                        <OrphaNumber>99978</OrphaNumber>
                        <ExpertLink lang="en">http://www.orpha.net/consor/cgi-bin/OC_Exp.php?lng=en&amp;Expert=99978</ExpertLink>
                        <Name lang="en">Klatskin tumor</Name>
                      </Disorder>
                      <ClassificationNodeChildList count="0">
                      </ClassificationNodeChildList>
                    </ClassificationNode>
                    <ClassificationNode>
                      <Disorder id="23206">
                        <OrphaNumber>424991</OrphaNumber>
                        <ExpertLink lang="en">http://www.orpha.net/consor/cgi-bin/OC_Exp.php?lng=en&amp;Expert=424991</ExpertLink>
                        <Name lang="en">Adenocarcinoma of the gallbladder and extrahepatic biliary tract</Name>
                      </Disorder>
                      <ClassificationNodeChildList count="0">
                      </ClassificationNodeChildList>
                    </ClassificationNode>
                    <ClassificationNode>
                      <Disorder id="27629">
                        <OrphaNumber>529852</OrphaNumber>
                        <ExpertLink lang="en">http://www.orpha.net/consor/cgi-bin/OC_Exp.php?lng=en&amp;Expert=529852</ExpertLink>
                        <Name lang="en">Combined hepatocellular carcinoma and cholangiocarcinoma</Name>
                      </Disorder>
                      <ClassificationNodeChildList count="0">
                      </ClassificationNodeChildList>
                    </ClassificationNode>
                  </ClassificationNodeChildList>
                </ClassificationNode>
                <ClassificationNode>
                  <Disorder id="14658">
                    <OrphaNumber>100086</OrphaNumber>
                    <ExpertLink lang="en">http://www.orpha.net/consor/cgi-bin/OC_Exp.php?lng=en&amp;Expert=100086</ExpertLink>
                    <Name lang="en">Gallbladder neuroendocrine tumor</Name>
                  </Disorder>
                  <ClassificationNodeChildList count="0">
                  </ClassificationNodeChildList>
                </ClassificationNode>
              </ClassificationNodeChildList>
            </ClassificationNode>
            <ClassificationNode>
              <Disorder id="21241">
                <OrphaNumber>306636</OrphaNumber>
                <ExpertLink lang="en">http://www.orpha.net/consor/cgi-bin/OC_Exp.php?lng=en&amp;Expert=306636</ExpertLink>
                <Name lang="en">Rare tumor of liver and intrahepatic biliary tract</Name>
              </Disorder>
              <ClassificationNodeChildList count="6">
                <ClassificationNode>
                  <Disorder id="8705">
                    <OrphaNumber>386</OrphaNumber>
                    <ExpertLink lang="en">http://www.orpha.net/consor/cgi-bin/OC_Exp.php?lng=en&amp;Expert=386</ExpertLink>
                    <Name lang="en">Hepatic cystic hamartoma</Name>
                  </Disorder>
                  <ClassificationNodeChildList count="0">
                  </ClassificationNodeChildList>
                </ClassificationNode>
                <ClassificationNode>
                  <Disorder id="14608">
                    <OrphaNumber>100035</OrphaNumber>
                    <ExpertLink lang="en">http://www.orpha.net/consor/cgi-bin/OC_Exp.php?lng=en&amp;Expert=100035</ExpertLink>
                    <Name lang="en">Solitary necrotic nodule of the liver</Name>
                  </Disorder>
                  <ClassificationNodeChildList count="0">
                  </ClassificationNodeChildList>
                </ClassificationNode>
                <ClassificationNode>
                  <Disorder id="18012">
                    <OrphaNumber>178315</OrphaNumber>
                    <ExpertLink lang="en">http://www.orpha.net/consor/cgi-bin/OC_Exp.php?lng=en&amp;Expert=178315</ExpertLink>
                    <Name lang="en">Undifferentiated embryonal sarcoma of the liver</Name>
                  </Disorder>
                  <ClassificationNodeChildList count="0">
                  </ClassificationNodeChildList>
                </ClassificationNode>
                <ClassificationNode>
                  <Disorder id="836">
                    <OrphaNumber>449</OrphaNumber>
                    <ExpertLink lang="en">http://www.orpha.net/consor/cgi-bin/OC_Exp.php?lng=en&amp;Expert=449</ExpertLink>
                    <Name lang="en">Hepatoblastoma</Name>
                  </Disorder>
                  <ClassificationNodeChildList count="0">
                  </ClassificationNodeChildList>
                </ClassificationNode>
                <ClassificationNode>
                  <Disorder id="10752">
                    <OrphaNumber>54272</OrphaNumber>
                    <ExpertLink lang="en">http://www.orpha.net/consor/cgi-bin/OC_Exp.php?lng=en&amp;Expert=54272</ExpertLink>
                    <Name lang="en">Hepatocellular adenoma</Name>
                  </Disorder>
                  <ClassificationNodeChildList count="0">
                  </ClassificationNodeChildList>
                </ClassificationNode>
                <ClassificationNode>
                  <Disorder id="23200">
                    <OrphaNumber>424933</OrphaNumber>
                    <ExpertLink lang="en">http://www.orpha.net/consor/cgi-bin/OC_Exp.php?lng=en&amp;Expert=424933</ExpertLink>
                    <Name lang="en">Rare epithelial tumor of liver and intrahepatic biliary tract</Name>
                  </Disorder>
                  <ClassificationNodeChildList count="2">
                    <ClassificationNode>
                      <Disorder id="23201">
                        <OrphaNumber>424936</OrphaNumber>
                        <ExpertLink lang="en">http://www.orpha.net/consor/cgi-bin/OC_Exp.php?lng=en&amp;Expert=424936</ExpertLink>
                        <Name lang="en">Carcinoma of liver and intrahepatic biliary tract</Name>
                      </Disorder>
                      <ClassificationNodeChildList count="8">
                        <ClassificationNode>
                          <Disorder id="23202">
                            <OrphaNumber>424943</OrphaNumber>
                            <ExpertLink lang="en">http://www.orpha.net/consor/cgi-bin/OC_Exp.php?lng=en&amp;Expert=424943</ExpertLink>
                            <Name lang="en">Adenocarcinoma of the liver and intrahepatic biliary tract</Name>
                          </Disorder>
                          <ClassificationNodeChildList count="0">
                          </ClassificationNodeChildList>
                        </ClassificationNode>
                        <ClassificationNode>
                          <Disorder id="23204">
                            <OrphaNumber>424975</OrphaNumber>
                            <ExpertLink lang="en">http://www.orpha.net/consor/cgi-bin/OC_Exp.php?lng=en&amp;Expert=424975</ExpertLink>
                            <Name lang="en">Squamous cell carcinoma of liver and intrahepatic biliary tract</Name>
                          </Disorder>
                          <ClassificationNodeChildList count="0">
                          </ClassificationNodeChildList>
                        </ClassificationNode>
                        <ClassificationNode>
                          <Disorder id="23205">
                            <OrphaNumber>424982</OrphaNumber>
                            <ExpertLink lang="en">http://www.orpha.net/consor/cgi-bin/OC_Exp.php?lng=en&amp;Expert=424982</ExpertLink>
                            <Name lang="en">Biliary cystadenocarcinoma</Name>
                          </Disorder>
                          <ClassificationNodeChildList count="0">
                          </ClassificationNodeChildList>
                        </ClassificationNode>
                        <ClassificationNode>
                          <Disorder id="10951">
                            <OrphaNumber>70567</OrphaNumber>
                            <ExpertLink lang="en">http://www.orpha.net/consor/cgi-bin/OC_Exp.php?lng=en&amp;Expert=70567</ExpertLink>
                            <Name lang="en">Cholangiocarcinoma</Name>
                          </Disorder>
                          <ClassificationNodeChildList count="0">
                          </ClassificationNodeChildList>
                        </ClassificationNode>
                        <ClassificationNode>
                          <Disorder id="22851">
                            <OrphaNumber>401920</OrphaNumber>
                            <ExpertLink lang="en">http://www.orpha.net/consor/cgi-bin/OC_Exp.php?lng=en&amp;Expert=401920</ExpertLink>
                            <Name lang="en">Fibrolamellar hepatocellular carcinoma</Name>
                          </Disorder>
                          <ClassificationNodeChildList count="0">
                          </ClassificationNodeChildList>
                        </ClassificationNode>
                        <ClassificationNode>
                          <Disorder id="23203">
                            <OrphaNumber>424970</OrphaNumber>
                            <ExpertLink lang="en">http://www.orpha.net/consor/cgi-bin/OC_Exp.php?lng=en&amp;Expert=424970</ExpertLink>
                            <Name lang="en">Undifferentiated carcinoma of liver and intrahepatic biliary tract</Name>
                          </Disorder>
                          <ClassificationNodeChildList count="0">
                          </ClassificationNodeChildList>
                        </ClassificationNode>
                        <ClassificationNode>
                          <Disorder id="27629">
                            <OrphaNumber>529852</OrphaNumber>
                            <ExpertLink lang="en">http://www.orpha.net/consor/cgi-bin/OC_Exp.php?lng=en&amp;Expert=529852</ExpertLink>
                            <Name lang="en">Combined hepatocellular carcinoma and cholangiocarcinoma</Name>
                          </Disorder>
                          <ClassificationNodeChildList count="0">
                          </ClassificationNodeChildList>
                        </ClassificationNode>
                        <ClassificationNode>
                          <Disorder id="11824">
                            <OrphaNumber>88673</OrphaNumber>
                            <ExpertLink lang="en">http://www.orpha.net/consor/cgi-bin/OC_Exp.php?lng=en&amp;Expert=88673</ExpertLink>
                            <Name lang="en">Hepatocellular carcinoma</Name>
                          </Disorder>
                          <ClassificationNodeChildList count="2">
                            <ClassificationNode>
                              <Disorder id="10320">
                                <OrphaNumber>33402</OrphaNumber>
                                <ExpertLink lang="en">http://www.orpha.net/consor/cgi-bin/OC_Exp.php?lng=en&amp;Expert=33402</ExpertLink>
                                <Name lang="en">Pediatric hepatocellular carcinoma</Name>
                              </Disorder>
                              <ClassificationNodeChildList count="0">
                              </ClassificationNodeChildList>
                            </ClassificationNode>
                            <ClassificationNode>
                              <Disorder id="18690">
                                <OrphaNumber>210159</OrphaNumber>
                                <ExpertLink lang="en">http://www.orpha.net/consor/cgi-bin/OC_Exp.php?lng=en&amp;Expert=210159</ExpertLink>
                                <Name lang="en">Adult hepatocellular carcinoma</Name>
                              </Disorder>
                              <ClassificationNodeChildList count="0">
                              </ClassificationNodeChildList>
                            </ClassificationNode>
                          </ClassificationNodeChildList>
                        </ClassificationNode>
                      </ClassificationNodeChildList>
                    </ClassificationNode>
                    <ClassificationNode>
                      <Disorder id="14657">
                        <OrphaNumber>100085</OrphaNumber>
                        <ExpertLink lang="en">http://www.orpha.net/consor/cgi-bin/OC_Exp.php?lng=en&amp;Expert=100085</ExpertLink>
                        <Name lang="en">Primary hepatic neuroendocrine carcinoma</Name>
                      </Disorder>
                      <ClassificationNodeChildList count="0">
                      </ClassificationNodeChildList>
                    </ClassificationNode>
                  </ClassificationNodeChildList>
                </ClassificationNode>
              </ClassificationNodeChildList>
            </ClassificationNode>
          </ClassificationNodeChildList>
        </ClassificationNode>
      </ClassificationNodeList>
    </Disorder>
  </DisorderList>
</JDBOR>
